Year ,All drug-related deaths,Gabapentin and/or pregabalin,Cocaine,Ecstasy-type drugs,Amphetamines,Alcohol
2008,574,2,36,5,11,167
2009,545,2,32,2,6,165
2010,485,3,33,0,3,127
2011,584,8,36,8,24,129
2012,581,25,31,9,18,111
2013,527,56,45,17,27,103
2014,614,86,45,14,22,106
2015,706,131,93,15,17,107
2016,868,208,123,28,25,112
2017,934,242,176,27,32,90
2018,1187,367,273,35,46,156
2019,1280,443,372,25,52,140
2020,1339,502,459,40,60,173
